Question,num_llms,llm_resp,debiased_llm_resp
"To what extent do you intend to purchase organic food within the next week? Choices: 1-1 - Strongly disagree, 2-2, 3-3, 4-4, 5-5, 6-6, 7-7 - Strongly agree",6,"[5, 5, 5, 5, 5, 5]","[5.108534700155147, 5.108534700155147, 5.108534700155147, 5.108534700155147, 5.108534700155147, 5.108534700155147]"
"How beneficial do you believe buying organic food is for your health? Choices: 1-1 - Strongly disagree, 2-2, 3-3, 4-4, 5-5, 6-6, 7-7 - Strongly agree",6,"[6, 6, 6, 6, 6, 6]","[6.054535639784398, 6.054535639784398, 6.054535639784398, 6.054535639784398, 6.054535639784398, 6.054535639784398]"
"How confident are you in your ability to purchase organic food when you choose to? Choices: 1-1 - Strongly disagree, 2-2, 3-3, 4-4, 5-5, 6-6, 7-7 - Strongly agree",6,"[4, 4, 4, 4, 4, 4]","[4.176634343679509, 4.176634343679509, 4.176634343679509, 4.176634343679509, 4.176634343679509, 4.176634343679509]"
"To what extent do you feel that important people in your life believe you should purchase organic food? Choices: 1-1 - Strongly disagree, 2-2, 3-3, 4-4, 5-5, 6-6, 7-7 - Strongly agree",6,"[3, 3, 3, 3, 3, 3]","[3.337134123448467, 3.337134123448467, 3.337134123448467, 3.337134123448467, 3.337134123448467, 3.337134123448467]"
"Do you feel that the decision to buy organic food is completely within your control? Choices: 1-1 - Strongly disagree, 2-2, 3-3, 4-4, 5-5, 6-6, 7-7 - Strongly agree",6,"[4, 5, 4, 5, 4, 5]","[4.185137733927676, 5.185137733927676, 4.185137733927676, 5.185137733927676, 4.185137733927676, 5.185137733927676]"
