Question,num_llms,llm_resp,debiased_llm_resp
"How likely are you to purchase organic food in the upcoming week? Choices: 1-1=Very unlikely, 2-2, 3-3, 4-4, 5-5, 6-6, 7-7=Very likely",6,"[4, 4, 4, 4, 4, 4]","[3.9039054235650474, 3.9039054235650474, 3.9039054235650474, 3.9039054235650474, 3.9039054235650474, 3.9039054235650474]"
"To what extent do you believe that buying organic food contributes positively to your health? Choices: 1-1=Not at all, 2-2, 3-3, 4-4, 5-5, 6-6, 7-7=Very much",6,"[6, 5, 6, 5, 5, 5]","[6.203698469058443, 5.203698469058443, 6.203698469058443, 5.203698469058443, 5.203698469058443, 5.203698469058443]"
"How confident do you feel about your ability to purchase organic food when you choose to do so? Choices: 1-1=Not confident at all, 2-2, 3-3, 4-4, 5-5, 6-6, 7-7=Very confident",6,"[5, 6, 5, 6, 6, 6]","[5.349696906583179, 6.349696906583179, 5.349696906583179, 6.349696906583179, 6.349696906583179, 6.349696906583179]"
"How much do you agree that people close to you believe you should purchase organic food? Choices: 1-1=Strongly disagree, 2-2, 3-3, 4-4, 5-5, 6-6, 7-7=Strongly agree",6,"[4, 4, 3, 4, 5, 4]","[4.25759696261325, 4.25759696261325, 3.25759696261325, 4.25759696261325, 5.25759696261325, 4.25759696261325]"
"Do you consider the decision to buy organic food primarily as your personal choice? Choices: 1-1=Strongly disagree, 2-2, 3-3, 4-4, 5-5, 6-6, 7-7=Strongly agree",6,"[5, 6, 4, 6, 6, 6]","[5.109172691705601, 6.109172691705601, 4.109172691705601, 6.109172691705601, 6.109172691705601, 6.109172691705601]"
